,root,url,url_event,tournament,nspc_tournament,match_id,match_format,match_date,team_1,team_1_result,team_2,team_2_result,winner,event_id,map,map_n,url_request,direct_url_demo,file_name,output_data_path,checksum,demo_path,demo_filename
0,c:\Projects\cs2-match-and-player-scraper\ExtractAllData,https://www.hltv.org/matches/2380072/vitality-vs-liquid-esl-pro-league-season-21,https://www.hltv.org/results?event=8292,ESL Pro League Season 21,esl-pro-league-season-21,95286,Bo3,2025-03-14 11:45:00,Vitality,2,Liquid,0,Vitality,8292,anubis,m1,https://www.hltv.org/download/demo/95286,https://r2-demos.hltv.org/demos/113089/esl-pro-league-season-21-vitality-vs-liquid-bo3-TDZ0EQEOaQDkSffhvCw7ov.rar,E8292_M95286_esl-pro-league-season-21-vitality-vs-liquid-bo3-TDZ0EQEOaQDkSffhvCw7ov.rar,c:\Projects\cs2-match-and-player-scraper\ExtractAllData\downloads\extracted_data\ESL Pro League Season 21,,,
1,c:\Projects\cs2-match-and-player-scraper\ExtractAllData,https://www.hltv.org/matches/2380072/vitality-vs-liquid-esl-pro-league-season-21,https://www.hltv.org/results?event=8292,ESL Pro League Season 21,esl-pro-league-season-21,95286,Bo3,2025-03-14 11:45:00,Vitality,2,Liquid,0,Vitality,8292,dust2,m2,https://www.hltv.org/download/demo/95286,https://r2-demos.hltv.org/demos/113089/esl-pro-league-season-21-vitality-vs-liquid-bo3-TDZ0EQEOaQDkSffhvCw7ov.rar,E8292_M95286_esl-pro-league-season-21-vitality-vs-liquid-bo3-TDZ0EQEOaQDkSffhvCw7ov.rar,c:\Projects\cs2-match-and-player-scraper\ExtractAllData\downloads\extracted_data\ESL Pro League Season 21,,,
2,c:\Projects\cs2-match-and-player-scraper\ExtractAllData,https://www.hltv.org/matches/2380076/vitality-vs-the-mongolz-esl-pro-league-season-21,https://www.hltv.org/results?event=8292,ESL Pro League Season 21,esl-pro-league-season-21,95332,Bo3,2025-03-15 16:05:00,Vitality,2,The MongolZ,1,Vitality,8292,anubis,m1,https://www.hltv.org/download/demo/95332,https://r2-demos.hltv.org/demos/113136/esl-pro-league-season-21-vitality-vs-the-mongolz-bo3-7VmOOQFfF_Xgx4vOG4cYIY.rar,E8292_M95332_esl-pro-league-season-21-vitality-vs-the-mongolz-bo3-7VmOOQFfF_Xgx4vOG4cYIY.rar,c:\Projects\cs2-match-and-player-scraper\ExtractAllData\downloads\extracted_data\ESL Pro League Season 21,,,
3,c:\Projects\cs2-match-and-player-scraper\ExtractAllData,https://www.hltv.org/matches/2380076/vitality-vs-the-mongolz-esl-pro-league-season-21,https://www.hltv.org/results?event=8292,ESL Pro League Season 21,esl-pro-league-season-21,95332,Bo3,2025-03-15 16:05:00,Vitality,2,The MongolZ,1,Vitality,8292,nuke,m2,https://www.hltv.org/download/demo/95332,https://r2-demos.hltv.org/demos/113136/esl-pro-league-season-21-vitality-vs-the-mongolz-bo3-7VmOOQFfF_Xgx4vOG4cYIY.rar,E8292_M95332_esl-pro-league-season-21-vitality-vs-the-mongolz-bo3-7VmOOQFfF_Xgx4vOG4cYIY.rar,c:\Projects\cs2-match-and-player-scraper\ExtractAllData\downloads\extracted_data\ESL Pro League Season 21,,,
4,c:\Projects\cs2-match-and-player-scraper\ExtractAllData,https://www.hltv.org/matches/2380076/vitality-vs-the-mongolz-esl-pro-league-season-21,https://www.hltv.org/results?event=8292,ESL Pro League Season 21,esl-pro-league-season-21,95332,Bo3,2025-03-15 16:05:00,Vitality,2,The MongolZ,1,Vitality,8292,inferno,m3,https://www.hltv.org/download/demo/95332,https://r2-demos.hltv.org/demos/113136/esl-pro-league-season-21-vitality-vs-the-mongolz-bo3-7VmOOQFfF_Xgx4vOG4cYIY.rar,E8292_M95332_esl-pro-league-season-21-vitality-vs-the-mongolz-bo3-7VmOOQFfF_Xgx4vOG4cYIY.rar,c:\Projects\cs2-match-and-player-scraper\ExtractAllData\downloads\extracted_data\ESL Pro League Season 21,,,
5,c:\Projects\cs2-match-and-player-scraper\ExtractAllData,https://www.hltv.org/matches/2380073/natus-vincere-vs-the-mongolz-esl-pro-league-season-21,https://www.hltv.org/results?event=8292,ESL Pro League Season 21,esl-pro-league-season-21,95292,Bo3,2025-03-14 14:30:00,Natus Vincere,0,The MongolZ,2,The MongolZ,8292,mirage,m1,https://www.hltv.org/download/demo/95292,https://r2-demos.hltv.org/demos/113095/esl-pro-league-season-21-natus-vincere-vs-the-mongolz-bo3-HfdEOFUxlExeO-ODc77jPR.rar,E8292_M95292_esl-pro-league-season-21-natus-vincere-vs-the-mongolz-bo3-HfdEOFUxlExeO-ODc77jPR.rar,c:\Projects\cs2-match-and-player-scraper\ExtractAllData\downloads\extracted_data\ESL Pro League Season 21,,,
6,c:\Projects\cs2-match-and-player-scraper\ExtractAllData,https://www.hltv.org/matches/2380073/natus-vincere-vs-the-mongolz-esl-pro-league-season-21,https://www.hltv.org/results?event=8292,ESL Pro League Season 21,esl-pro-league-season-21,95292,Bo3,2025-03-14 14:30:00,Natus Vincere,0,The MongolZ,2,The MongolZ,8292,ancient,m2,https://www.hltv.org/download/demo/95292,https://r2-demos.hltv.org/demos/113095/esl-pro-league-season-21-natus-vincere-vs-the-mongolz-bo3-HfdEOFUxlExeO-ODc77jPR.rar,E8292_M95292_esl-pro-league-season-21-natus-vincere-vs-the-mongolz-bo3-HfdEOFUxlExeO-ODc77jPR.rar,c:\Projects\cs2-match-and-player-scraper\ExtractAllData\downloads\extracted_data\ESL Pro League Season 21,,,
7,c:\Projects\cs2-match-and-player-scraper\ExtractAllData,https://www.hltv.org/matches/2380078/mouz-vs-vitality-esl-pro-league-season-21,https://www.hltv.org/results?event=8292,ESL Pro League Season 21,esl-pro-league-season-21,95350,Bo5,2025-03-16 13:00:00,MOUZ,0,Vitality,3,Vitality,8292,dust2,m1,https://www.hltv.org/download/demo/95350,https://r2-demos.hltv.org/demos/113156/esl-pro-league-season-21-mouz-vs-vitality-bo5-RwgqrXEuhDJTxQHhSIn72X.rar,E8292_M95350_esl-pro-league-season-21-mouz-vs-vitality-bo5-RwgqrXEuhDJTxQHhSIn72X.rar,c:\Projects\cs2-match-and-player-scraper\ExtractAllData\downloads\extracted_data\ESL Pro League Season 21,,,
8,c:\Projects\cs2-match-and-player-scraper\ExtractAllData,https://www.hltv.org/matches/2380078/mouz-vs-vitality-esl-pro-league-season-21,https://www.hltv.org/results?event=8292,ESL Pro League Season 21,esl-pro-league-season-21,95350,Bo5,2025-03-16 13:00:00,MOUZ,0,Vitality,3,Vitality,8292,nuke,m2,https://www.hltv.org/download/demo/95350,https://r2-demos.hltv.org/demos/113156/esl-pro-league-season-21-mouz-vs-vitality-bo5-RwgqrXEuhDJTxQHhSIn72X.rar,E8292_M95350_esl-pro-league-season-21-mouz-vs-vitality-bo5-RwgqrXEuhDJTxQHhSIn72X.rar,c:\Projects\cs2-match-and-player-scraper\ExtractAllData\downloads\extracted_data\ESL Pro League Season 21,,,
9,c:\Projects\cs2-match-and-player-scraper\ExtractAllData,https://www.hltv.org/matches/2380078/mouz-vs-vitality-esl-pro-league-season-21,https://www.hltv.org/results?event=8292,ESL Pro League Season 21,esl-pro-league-season-21,95350,Bo5,2025-03-16 13:00:00,MOUZ,0,Vitality,3,Vitality,8292,inferno,m3,https://www.hltv.org/download/demo/95350,https://r2-demos.hltv.org/demos/113156/esl-pro-league-season-21-mouz-vs-vitality-bo5-RwgqrXEuhDJTxQHhSIn72X.rar,E8292_M95350_esl-pro-league-season-21-mouz-vs-vitality-bo5-RwgqrXEuhDJTxQHhSIn72X.rar,c:\Projects\cs2-match-and-player-scraper\ExtractAllData\downloads\extracted_data\ESL Pro League Season 21,,,
10,c:\Projects\cs2-match-and-player-scraper\ExtractAllData,https://www.hltv.org/matches/2380077/spirit-vs-mouz-esl-pro-league-season-21,https://www.hltv.org/results?event=8292,ESL Pro League Season 21,esl-pro-league-season-21,95323,Bo3,2025-03-15 11:45:00,Spirit,1,MOUZ,2,MOUZ,8292,nuke,m1,https://www.hltv.org/download/demo/95323,https://r2-demos.hltv.org/demos/113127/esl-pro-league-season-21-spirit-vs-mouz-bo3-URCNkJQvlSMoueiEGhvvOc.rar,E8292_M95323_esl-pro-league-season-21-spirit-vs-mouz-bo3-URCNkJQvlSMoueiEGhvvOc.rar,c:\Projects\cs2-match-and-player-scraper\ExtractAllData\downloads\extracted_data\ESL Pro League Season 21,,,
11,c:\Projects\cs2-match-and-player-scraper\ExtractAllData,https://www.hltv.org/matches/2380077/spirit-vs-mouz-esl-pro-league-season-21,https://www.hltv.org/results?event=8292,ESL Pro League Season 21,esl-pro-league-season-21,95323,Bo3,2025-03-15 11:45:00,Spirit,1,MOUZ,2,MOUZ,8292,dust2,m2,https://www.hltv.org/download/demo/95323,https://r2-demos.hltv.org/demos/113127/esl-pro-league-season-21-spirit-vs-mouz-bo3-URCNkJQvlSMoueiEGhvvOc.rar,E8292_M95323_esl-pro-league-season-21-spirit-vs-mouz-bo3-URCNkJQvlSMoueiEGhvvOc.rar,c:\Projects\cs2-match-and-player-scraper\ExtractAllData\downloads\extracted_data\ESL Pro League Season 21,,,
12,c:\Projects\cs2-match-and-player-scraper\ExtractAllData,https://www.hltv.org/matches/2380077/spirit-vs-mouz-esl-pro-league-season-21,https://www.hltv.org/results?event=8292,ESL Pro League Season 21,esl-pro-league-season-21,95323,Bo3,2025-03-15 11:45:00,Spirit,1,MOUZ,2,MOUZ,8292,ancient,m3,https://www.hltv.org/download/demo/95323,https://r2-demos.hltv.org/demos/113127/esl-pro-league-season-21-spirit-vs-mouz-bo3-URCNkJQvlSMoueiEGhvvOc.rar,E8292_M95323_esl-pro-league-season-21-spirit-vs-mouz-bo3-URCNkJQvlSMoueiEGhvvOc.rar,c:\Projects\cs2-match-and-player-scraper\ExtractAllData\downloads\extracted_data\ESL Pro League Season 21,,,
13,c:\Projects\cs2-match-and-player-scraper\ExtractAllData,https://www.hltv.org/matches/2380074/mouz-vs-g2-esl-pro-league-season-21,https://www.hltv.org/results?event=8292,ESL Pro League Season 21,esl-pro-league-season-21,95274,Bo3,2025-03-13 16:15:00,MOUZ,2,G2,1,MOUZ,8292,inferno,m1,https://www.hltv.org/download/demo/95274,https://r2-demos.hltv.org/demos/113077/esl-pro-league-season-21-mouz-vs-g2-bo3-8h26qVX7FMcJYCdzpuA_Gz.rar,E8292_M95274_esl-pro-league-season-21-mouz-vs-g2-bo3-8h26qVX7FMcJYCdzpuA_Gz.rar,c:\Projects\cs2-match-and-player-scraper\ExtractAllData\downloads\extracted_data\ESL Pro League Season 21,,,
14,c:\Projects\cs2-match-and-player-scraper\ExtractAllData,https://www.hltv.org/matches/2380074/mouz-vs-g2-esl-pro-league-season-21,https://www.hltv.org/results?event=8292,ESL Pro League Season 21,esl-pro-league-season-21,95274,Bo3,2025-03-13 16:15:00,MOUZ,2,G2,1,MOUZ,8292,nuke,m2,https://www.hltv.org/download/demo/95274,https://r2-demos.hltv.org/demos/113077/esl-pro-league-season-21-mouz-vs-g2-bo3-8h26qVX7FMcJYCdzpuA_Gz.rar,E8292_M95274_esl-pro-league-season-21-mouz-vs-g2-bo3-8h26qVX7FMcJYCdzpuA_Gz.rar,c:\Projects\cs2-match-and-player-scraper\ExtractAllData\downloads\extracted_data\ESL Pro League Season 21,,,
15,c:\Projects\cs2-match-and-player-scraper\ExtractAllData,https://www.hltv.org/matches/2380074/mouz-vs-g2-esl-pro-league-season-21,https://www.hltv.org/results?event=8292,ESL Pro League Season 21,esl-pro-league-season-21,95274,Bo3,2025-03-13 16:15:00,MOUZ,2,G2,1,MOUZ,8292,ancient,m3,https://www.hltv.org/download/demo/95274,https://r2-demos.hltv.org/demos/113077/esl-pro-league-season-21-mouz-vs-g2-bo3-8h26qVX7FMcJYCdzpuA_Gz.rar,E8292_M95274_esl-pro-league-season-21-mouz-vs-g2-bo3-8h26qVX7FMcJYCdzpuA_Gz.rar,c:\Projects\cs2-match-and-player-scraper\ExtractAllData\downloads\extracted_data\ESL Pro League Season 21,,,
16,c:\Projects\cs2-match-and-player-scraper\ExtractAllData,https://www.hltv.org/matches/2380071/g2-vs-gamerlegion-esl-pro-league-season-21,https://www.hltv.org/results?event=8292,ESL Pro League Season 21,esl-pro-league-season-21,95229,Bo3,2025-03-11 15:40:00,G2,2,GamerLegion,0,G2,8292,inferno,m1,https://www.hltv.org/download/demo/95229,https://r2-demos.hltv.org/demos/113031/esl-pro-league-season-21-g2-vs-gamerlegion-bo3-NeDDj2I6FJz4dj3sgLsEYT.rar,E8292_M95229_esl-pro-league-season-21-g2-vs-gamerlegion-bo3-NeDDj2I6FJz4dj3sgLsEYT.rar,c:\Projects\cs2-match-and-player-scraper\ExtractAllData\downloads\extracted_data\ESL Pro League Season 21,,,
17,c:\Projects\cs2-match-and-player-scraper\ExtractAllData,https://www.hltv.org/matches/2380071/g2-vs-gamerlegion-esl-pro-league-season-21,https://www.hltv.org/results?event=8292,ESL Pro League Season 21,esl-pro-league-season-21,95229,Bo3,2025-03-11 15:40:00,G2,2,GamerLegion,0,G2,8292,nuke,m2,https://www.hltv.org/download/demo/95229,https://r2-demos.hltv.org/demos/113031/esl-pro-league-season-21-g2-vs-gamerlegion-bo3-NeDDj2I6FJz4dj3sgLsEYT.rar,E8292_M95229_esl-pro-league-season-21-g2-vs-gamerlegion-bo3-NeDDj2I6FJz4dj3sgLsEYT.rar,c:\Projects\cs2-match-and-player-scraper\ExtractAllData\downloads\extracted_data\ESL Pro League Season 21,,,
18,c:\Projects\cs2-match-and-player-scraper\ExtractAllData,https://www.hltv.org/matches/2380070/falcons-vs-eternal-fire-esl-pro-league-season-21,https://www.hltv.org/results?event=8292,ESL Pro League Season 21,esl-pro-league-season-21,95222,Bo3,2025-03-11 12:15:00,Falcons,1,Eternal Fire,2,Eternal Fire,8292,inferno,m1,https://www.hltv.org/download/demo/95222,https://r2-demos.hltv.org/demos/113024/esl-pro-league-season-21-falcons-vs-eternal-fire-bo3-phsUuIPkfmDIZj0rrTDsQ4.rar,E8292_M95222_esl-pro-league-season-21-falcons-vs-eternal-fire-bo3-phsUuIPkfmDIZj0rrTDsQ4.rar,c:\Projects\cs2-match-and-player-scraper\ExtractAllData\downloads\extracted_data\ESL Pro League Season 21,,,
19,c:\Projects\cs2-match-and-player-scraper\ExtractAllData,https://www.hltv.org/matches/2380070/falcons-vs-eternal-fire-esl-pro-league-season-21,https://www.hltv.org/results?event=8292,ESL Pro League Season 21,esl-pro-league-season-21,95222,Bo3,2025-03-11 12:15:00,Falcons,1,Eternal Fire,2,Eternal Fire,8292,mirage,m2,https://www.hltv.org/download/demo/95222,https://r2-demos.hltv.org/demos/113024/esl-pro-league-season-21-falcons-vs-eternal-fire-bo3-phsUuIPkfmDIZj0rrTDsQ4.rar,E8292_M95222_esl-pro-league-season-21-falcons-vs-eternal-fire-bo3-phsUuIPkfmDIZj0rrTDsQ4.rar,c:\Projects\cs2-match-and-player-scraper\ExtractAllData\downloads\extracted_data\ESL Pro League Season 21,,,
20,c:\Projects\cs2-match-and-player-scraper\ExtractAllData,https://www.hltv.org/matches/2380070/falcons-vs-eternal-fire-esl-pro-league-season-21,https://www.hltv.org/results?event=8292,ESL Pro League Season 21,esl-pro-league-season-21,95222,Bo3,2025-03-11 12:15:00,Falcons,1,Eternal Fire,2,Eternal Fire,8292,dust2,m3,https://www.hltv.org/download/demo/95222,https://r2-demos.hltv.org/demos/113024/esl-pro-league-season-21-falcons-vs-eternal-fire-bo3-phsUuIPkfmDIZj0rrTDsQ4.rar,E8292_M95222_esl-pro-league-season-21-falcons-vs-eternal-fire-bo3-phsUuIPkfmDIZj0rrTDsQ4.rar,c:\Projects\cs2-match-and-player-scraper\ExtractAllData\downloads\extracted_data\ESL Pro League Season 21,,,
21,c:\Projects\cs2-match-and-player-scraper\ExtractAllData,https://www.hltv.org/matches/2380069/liquid-vs-3dmax-esl-pro-league-season-21,https://www.hltv.org/results?event=8292,ESL Pro League Season 21,esl-pro-league-season-21,95216,Bo3,2025-03-11 09:30:00,Liquid,2,3DMAX,1,Liquid,8292,inferno,m1,https://www.hltv.org/download/demo/95216,https://r2-demos.hltv.org/demos/113019/esl-pro-league-season-21-liquid-vs-3dmax-bo3-k7r_vGkiL4eRhxKdRPUZx1.rar,E8292_M95216_esl-pro-league-season-21-liquid-vs-3dmax-bo3-k7r_vGkiL4eRhxKdRPUZx1.rar,c:\Projects\cs2-match-and-player-scraper\ExtractAllData\downloads\extracted_data\ESL Pro League Season 21,,,
22,c:\Projects\cs2-match-and-player-scraper\ExtractAllData,https://www.hltv.org/matches/2380069/liquid-vs-3dmax-esl-pro-league-season-21,https://www.hltv.org/results?event=8292,ESL Pro League Season 21,esl-pro-league-season-21,95216,Bo3,2025-03-11 09:30:00,Liquid,2,3DMAX,1,Liquid,8292,ancient,m2,https://www.hltv.org/download/demo/95216,https://r2-demos.hltv.org/demos/113019/esl-pro-league-season-21-liquid-vs-3dmax-bo3-k7r_vGkiL4eRhxKdRPUZx1.rar,E8292_M95216_esl-pro-league-season-21-liquid-vs-3dmax-bo3-k7r_vGkiL4eRhxKdRPUZx1.rar,c:\Projects\cs2-match-and-player-scraper\ExtractAllData\downloads\extracted_data\ESL Pro League Season 21,,,
23,c:\Projects\cs2-match-and-player-scraper\ExtractAllData,https://www.hltv.org/matches/2380069/liquid-vs-3dmax-esl-pro-league-season-21,https://www.hltv.org/results?event=8292,ESL Pro League Season 21,esl-pro-league-season-21,95216,Bo3,2025-03-11 09:30:00,Liquid,2,3DMAX,1,Liquid,8292,anubis,m3,https://www.hltv.org/download/demo/95216,https://r2-demos.hltv.org/demos/113019/esl-pro-league-season-21-liquid-vs-3dmax-bo3-k7r_vGkiL4eRhxKdRPUZx1.rar,E8292_M95216_esl-pro-league-season-21-liquid-vs-3dmax-bo3-k7r_vGkiL4eRhxKdRPUZx1.rar,c:\Projects\cs2-match-and-player-scraper\ExtractAllData\downloads\extracted_data\ESL Pro League Season 21,,,
24,c:\Projects\cs2-match-and-player-scraper\ExtractAllData,https://www.hltv.org/matches/2380068/falcons-vs-furia-esl-pro-league-season-21,https://www.hltv.org/results?event=8292,ESL Pro League Season 21,esl-pro-league-season-21,95197,Bo3,2025-03-10 15:00:00,Falcons,2,FURIA,1,Falcons,8292,train,m1,https://www.hltv.org/download/demo/95197,https://r2-demos.hltv.org/demos/112998/esl-pro-league-season-21-falcons-vs-furia-bo3-T_ZfvS9m7mOLbvr4ptw27p.rar,E8292_M95197_esl-pro-league-season-21-falcons-vs-furia-bo3-T_ZfvS9m7mOLbvr4ptw27p.rar,c:\Projects\cs2-match-and-player-scraper\ExtractAllData\downloads\extracted_data\ESL Pro League Season 21,,,
25,c:\Projects\cs2-match-and-player-scraper\ExtractAllData,https://www.hltv.org/matches/2380068/falcons-vs-furia-esl-pro-league-season-21,https://www.hltv.org/results?event=8292,ESL Pro League Season 21,esl-pro-league-season-21,95197,Bo3,2025-03-10 15:00:00,Falcons,2,FURIA,1,Falcons,8292,mirage,m2,https://www.hltv.org/download/demo/95197,https://r2-demos.hltv.org/demos/112998/esl-pro-league-season-21-falcons-vs-furia-bo3-T_ZfvS9m7mOLbvr4ptw27p.rar,E8292_M95197_esl-pro-league-season-21-falcons-vs-furia-bo3-T_ZfvS9m7mOLbvr4ptw27p.rar,c:\Projects\cs2-match-and-player-scraper\ExtractAllData\downloads\extracted_data\ESL Pro League Season 21,,,
26,c:\Projects\cs2-match-and-player-scraper\ExtractAllData,https://www.hltv.org/matches/2380068/falcons-vs-furia-esl-pro-league-season-21,https://www.hltv.org/results?event=8292,ESL Pro League Season 21,esl-pro-league-season-21,95197,Bo3,2025-03-10 15:00:00,Falcons,2,FURIA,1,Falcons,8292,dust2,m3,https://www.hltv.org/download/demo/95197,https://r2-demos.hltv.org/demos/112998/esl-pro-league-season-21-falcons-vs-furia-bo3-T_ZfvS9m7mOLbvr4ptw27p.rar,E8292_M95197_esl-pro-league-season-21-falcons-vs-furia-bo3-T_ZfvS9m7mOLbvr4ptw27p.rar,c:\Projects\cs2-match-and-player-scraper\ExtractAllData\downloads\extracted_data\ESL Pro League Season 21,,,
27,c:\Projects\cs2-match-and-player-scraper\ExtractAllData,https://www.hltv.org/matches/2380066/eternal-fire-vs-pain-esl-pro-league-season-21,https://www.hltv.org/results?event=8292,ESL Pro League Season 21,esl-pro-league-season-21,95180,Bo3,2025-03-10 12:45:00,Eternal Fire,2,paiN,0,Eternal Fire,8292,nuke,m1,https://www.hltv.org/download/demo/95180,https://r2-demos.hltv.org/demos/112972/esl-pro-league-season-21-eternal-fire-vs-pain-bo3-AZpFufawYqRfOJB51VOcsl.rar,E8292_M95180_esl-pro-league-season-21-eternal-fire-vs-pain-bo3-AZpFufawYqRfOJB51VOcsl.rar,c:\Projects\cs2-match-and-player-scraper\ExtractAllData\downloads\extracted_data\ESL Pro League Season 21,,,
28,c:\Projects\cs2-match-and-player-scraper\ExtractAllData,https://www.hltv.org/matches/2380066/eternal-fire-vs-pain-esl-pro-league-season-21,https://www.hltv.org/results?event=8292,ESL Pro League Season 21,esl-pro-league-season-21,95180,Bo3,2025-03-10 12:45:00,Eternal Fire,2,paiN,0,Eternal Fire,8292,inferno,m2,https://www.hltv.org/download/demo/95180,https://r2-demos.hltv.org/demos/112972/esl-pro-league-season-21-eternal-fire-vs-pain-bo3-AZpFufawYqRfOJB51VOcsl.rar,E8292_M95180_esl-pro-league-season-21-eternal-fire-vs-pain-bo3-AZpFufawYqRfOJB51VOcsl.rar,c:\Projects\cs2-match-and-player-scraper\ExtractAllData\downloads\extracted_data\ESL Pro League Season 21,,,
29,c:\Projects\cs2-match-and-player-scraper\ExtractAllData,https://www.hltv.org/matches/2380067/g2-vs-natus-vincere-esl-pro-league-season-21,https://www.hltv.org/results?event=8292,ESL Pro League Season 21,esl-pro-league-season-21,95187,Bo3,2025-03-10 14:30:00,G2,0,Natus Vincere,2,Natus Vincere,8292,mirage,m1,https://www.hltv.org/download/demo/95187,https://r2-demos.hltv.org/demos/112983/esl-pro-league-season-21-g2-vs-natus-vincere-bo3-ynBZu_r4fNTcnFeLJePeyt.rar,E8292_M95187_esl-pro-league-season-21-g2-vs-natus-vincere-bo3-ynBZu_r4fNTcnFeLJePeyt.rar,c:\Projects\cs2-match-and-player-scraper\ExtractAllData\downloads\extracted_data\ESL Pro League Season 21,,,
30,c:\Projects\cs2-match-and-player-scraper\ExtractAllData,https://www.hltv.org/matches/2380067/g2-vs-natus-vincere-esl-pro-league-season-21,https://www.hltv.org/results?event=8292,ESL Pro League Season 21,esl-pro-league-season-21,95187,Bo3,2025-03-10 14:30:00,G2,0,Natus Vincere,2,Natus Vincere,8292,ancient,m2,https://www.hltv.org/download/demo/95187,https://r2-demos.hltv.org/demos/112983/esl-pro-league-season-21-g2-vs-natus-vincere-bo3-ynBZu_r4fNTcnFeLJePeyt.rar,E8292_M95187_esl-pro-league-season-21-g2-vs-natus-vincere-bo3-ynBZu_r4fNTcnFeLJePeyt.rar,c:\Projects\cs2-match-and-player-scraper\ExtractAllData\downloads\extracted_data\ESL Pro League Season 21,,,
31,c:\Projects\cs2-match-and-player-scraper\ExtractAllData,https://www.hltv.org/matches/2380065/mouz-vs-liquid-esl-pro-league-season-21,https://www.hltv.org/results?event=8292,ESL Pro League Season 21,esl-pro-league-season-21,95176,Bo3,2025-03-10 12:00:00,MOUZ,2,Liquid,0,MOUZ,8292,ancient,m1,https://www.hltv.org/download/demo/95176,https://r2-demos.hltv.org/demos/112965/esl-pro-league-season-21-mouz-vs-liquid-bo3-9v1WXdmzbeO2q7iD5Nu_mP.rar,E8292_M95176_esl-pro-league-season-21-mouz-vs-liquid-bo3-9v1WXdmzbeO2q7iD5Nu_mP.rar,c:\Projects\cs2-match-and-player-scraper\ExtractAllData\downloads\extracted_data\ESL Pro League Season 21,,,
32,c:\Projects\cs2-match-and-player-scraper\ExtractAllData,https://www.hltv.org/matches/2380065/mouz-vs-liquid-esl-pro-league-season-21,https://www.hltv.org/results?event=8292,ESL Pro League Season 21,esl-pro-league-season-21,95176,Bo3,2025-03-10 12:00:00,MOUZ,2,Liquid,0,MOUZ,8292,nuke,m2,https://www.hltv.org/download/demo/95176,https://r2-demos.hltv.org/demos/112965/esl-pro-league-season-21-mouz-vs-liquid-bo3-9v1WXdmzbeO2q7iD5Nu_mP.rar,E8292_M95176_esl-pro-league-season-21-mouz-vs-liquid-bo3-9v1WXdmzbeO2q7iD5Nu_mP.rar,c:\Projects\cs2-match-and-player-scraper\ExtractAllData\downloads\extracted_data\ESL Pro League Season 21,,,
33,c:\Projects\cs2-match-and-player-scraper\ExtractAllData,https://www.hltv.org/matches/2380064/saw-vs-gamerlegion-esl-pro-league-season-21,https://www.hltv.org/results?event=8292,ESL Pro League Season 21,esl-pro-league-season-21,95174,Bo3,2025-03-10 09:30:00,SAW,1,GamerLegion,2,GamerLegion,8292,train,m1,https://www.hltv.org/download/demo/95174,https://r2-demos.hltv.org/demos/112963/esl-pro-league-season-21-saw-vs-gamerlegion-bo3-i3GKnlERTADUjBFGAUMY9r.rar,E8292_M95174_esl-pro-league-season-21-saw-vs-gamerlegion-bo3-i3GKnlERTADUjBFGAUMY9r.rar,c:\Projects\cs2-match-and-player-scraper\ExtractAllData\downloads\extracted_data\ESL Pro League Season 21,,,
34,c:\Projects\cs2-match-and-player-scraper\ExtractAllData,https://www.hltv.org/matches/2380064/saw-vs-gamerlegion-esl-pro-league-season-21,https://www.hltv.org/results?event=8292,ESL Pro League Season 21,esl-pro-league-season-21,95174,Bo3,2025-03-10 09:30:00,SAW,1,GamerLegion,2,GamerLegion,8292,inferno,m2,https://www.hltv.org/download/demo/95174,https://r2-demos.hltv.org/demos/112963/esl-pro-league-season-21-saw-vs-gamerlegion-bo3-i3GKnlERTADUjBFGAUMY9r.rar,E8292_M95174_esl-pro-league-season-21-saw-vs-gamerlegion-bo3-i3GKnlERTADUjBFGAUMY9r.rar,c:\Projects\cs2-match-and-player-scraper\ExtractAllData\downloads\extracted_data\ESL Pro League Season 21,,,
35,c:\Projects\cs2-match-and-player-scraper\ExtractAllData,https://www.hltv.org/matches/2380064/saw-vs-gamerlegion-esl-pro-league-season-21,https://www.hltv.org/results?event=8292,ESL Pro League Season 21,esl-pro-league-season-21,95174,Bo3,2025-03-10 09:30:00,SAW,1,GamerLegion,2,GamerLegion,8292,ancient,m3,https://www.hltv.org/download/demo/95174,https://r2-demos.hltv.org/demos/112963/esl-pro-league-season-21-saw-vs-gamerlegion-bo3-i3GKnlERTADUjBFGAUMY9r.rar,E8292_M95174_esl-pro-league-season-21-saw-vs-gamerlegion-bo3-i3GKnlERTADUjBFGAUMY9r.rar,c:\Projects\cs2-match-and-player-scraper\ExtractAllData\downloads\extracted_data\ESL Pro League Season 21,,,
36,c:\Projects\cs2-match-and-player-scraper\ExtractAllData,https://www.hltv.org/matches/2380061/furia-vs-mibr-esl-pro-league-season-21,https://www.hltv.org/results?event=8292,ESL Pro League Season 21,esl-pro-league-season-21,95145,Bo3,2025-03-09 14:00:00,FURIA,2,MIBR,1,FURIA,8292,anubis,m1,https://www.hltv.org/download/demo/95145,https://r2-demos.hltv.org/demos/112933/esl-pro-league-season-21-furia-vs-mibr-bo3-1x0PnkwTNyxoKAJfPwIvNd.rar,E8292_M95145_esl-pro-league-season-21-furia-vs-mibr-bo3-1x0PnkwTNyxoKAJfPwIvNd.rar,c:\Projects\cs2-match-and-player-scraper\ExtractAllData\downloads\extracted_data\ESL Pro League Season 21,,,
37,c:\Projects\cs2-match-and-player-scraper\ExtractAllData,https://www.hltv.org/matches/2380061/furia-vs-mibr-esl-pro-league-season-21,https://www.hltv.org/results?event=8292,ESL Pro League Season 21,esl-pro-league-season-21,95145,Bo3,2025-03-09 14:00:00,FURIA,2,MIBR,1,FURIA,8292,mirage,m2,https://www.hltv.org/download/demo/95145,https://r2-demos.hltv.org/demos/112933/esl-pro-league-season-21-furia-vs-mibr-bo3-1x0PnkwTNyxoKAJfPwIvNd.rar,E8292_M95145_esl-pro-league-season-21-furia-vs-mibr-bo3-1x0PnkwTNyxoKAJfPwIvNd.rar,c:\Projects\cs2-match-and-player-scraper\ExtractAllData\downloads\extracted_data\ESL Pro League Season 21,,,
38,c:\Projects\cs2-match-and-player-scraper\ExtractAllData,https://www.hltv.org/matches/2380061/furia-vs-mibr-esl-pro-league-season-21,https://www.hltv.org/results?event=8292,ESL Pro League Season 21,esl-pro-league-season-21,95145,Bo3,2025-03-09 14:00:00,FURIA,2,MIBR,1,FURIA,8292,inferno,m3,https://www.hltv.org/download/demo/95145,https://r2-demos.hltv.org/demos/112933/esl-pro-league-season-21-furia-vs-mibr-bo3-1x0PnkwTNyxoKAJfPwIvNd.rar,E8292_M95145_esl-pro-league-season-21-furia-vs-mibr-bo3-1x0PnkwTNyxoKAJfPwIvNd.rar,c:\Projects\cs2-match-and-player-scraper\ExtractAllData\downloads\extracted_data\ESL Pro League Season 21,,,
39,c:\Projects\cs2-match-and-player-scraper\ExtractAllData,https://www.hltv.org/matches/2380063/the-mongolz-vs-3dmax-esl-pro-league-season-21,https://www.hltv.org/results?event=8292,ESL Pro League Season 21,esl-pro-league-season-21,95169,Bo3,2025-03-10 09:30:00,The MongolZ,2,3DMAX,0,The MongolZ,8292,dust2,m1,https://www.hltv.org/download/demo/95169,https://r2-demos.hltv.org/demos/112959/esl-pro-league-season-21-the-mongolz-vs-3dmax-bo3-WYBJIFvDVvw0b9K6U7EeKz.rar,E8292_M95169_esl-pro-league-season-21-the-mongolz-vs-3dmax-bo3-WYBJIFvDVvw0b9K6U7EeKz.rar,c:\Projects\cs2-match-and-player-scraper\ExtractAllData\downloads\extracted_data\ESL Pro League Season 21,,,
40,c:\Projects\cs2-match-and-player-scraper\ExtractAllData,https://www.hltv.org/matches/2380063/the-mongolz-vs-3dmax-esl-pro-league-season-21,https://www.hltv.org/results?event=8292,ESL Pro League Season 21,esl-pro-league-season-21,95169,Bo3,2025-03-10 09:30:00,The MongolZ,2,3DMAX,0,The MongolZ,8292,ancient,m2,https://www.hltv.org/download/demo/95169,https://r2-demos.hltv.org/demos/112959/esl-pro-league-season-21-the-mongolz-vs-3dmax-bo3-WYBJIFvDVvw0b9K6U7EeKz.rar,E8292_M95169_esl-pro-league-season-21-the-mongolz-vs-3dmax-bo3-WYBJIFvDVvw0b9K6U7EeKz.rar,c:\Projects\cs2-match-and-player-scraper\ExtractAllData\downloads\extracted_data\ESL Pro League Season 21,,,
41,c:\Projects\cs2-match-and-player-scraper\ExtractAllData,https://www.hltv.org/matches/2380062/liquid-vs-eternal-fire-esl-pro-league-season-21,https://www.hltv.org/results?event=8292,ESL Pro League Season 21,esl-pro-league-season-21,95139,Bo3,2025-03-09 14:05:00,Liquid,2,Eternal Fire,0,Liquid,8292,inferno,m1,https://www.hltv.org/download/demo/95139,https://r2-demos.hltv.org/demos/112925/esl-pro-league-season-21-liquid-vs-eternal-fire-bo3-CNOyWRu1TC6SAE5CfCGIW3.rar,E8292_M95139_esl-pro-league-season-21-liquid-vs-eternal-fire-bo3-CNOyWRu1TC6SAE5CfCGIW3.rar,c:\Projects\cs2-match-and-player-scraper\ExtractAllData\downloads\extracted_data\ESL Pro League Season 21,,,
42,c:\Projects\cs2-match-and-player-scraper\ExtractAllData,https://www.hltv.org/matches/2380062/liquid-vs-eternal-fire-esl-pro-league-season-21,https://www.hltv.org/results?event=8292,ESL Pro League Season 21,esl-pro-league-season-21,95139,Bo3,2025-03-09 14:05:00,Liquid,2,Eternal Fire,0,Liquid,8292,train,m2,https://www.hltv.org/download/demo/95139,https://r2-demos.hltv.org/demos/112925/esl-pro-league-season-21-liquid-vs-eternal-fire-bo3-CNOyWRu1TC6SAE5CfCGIW3.rar,E8292_M95139_esl-pro-league-season-21-liquid-vs-eternal-fire-bo3-CNOyWRu1TC6SAE5CfCGIW3.rar,c:\Projects\cs2-match-and-player-scraper\ExtractAllData\downloads\extracted_data\ESL Pro League Season 21,,,
43,c:\Projects\cs2-match-and-player-scraper\ExtractAllData,https://www.hltv.org/matches/2380059/vitality-vs-mouz-esl-pro-league-season-21,https://www.hltv.org/results?event=8292,ESL Pro League Season 21,esl-pro-league-season-21,95128,Bo3,2025-03-09 12:15:00,Vitality,2,MOUZ,0,Vitality,8292,inferno,m1,https://www.hltv.org/download/demo/95128,https://r2-demos.hltv.org/demos/112914/esl-pro-league-season-21-vitality-vs-mouz-bo3-Ko5VJMvyF1OsCx2TbVU9pb.rar,E8292_M95128_esl-pro-league-season-21-vitality-vs-mouz-bo3-Ko5VJMvyF1OsCx2TbVU9pb.rar,c:\Projects\cs2-match-and-player-scraper\ExtractAllData\downloads\extracted_data\ESL Pro League Season 21,,,
44,c:\Projects\cs2-match-and-player-scraper\ExtractAllData,https://www.hltv.org/matches/2380059/vitality-vs-mouz-esl-pro-league-season-21,https://www.hltv.org/results?event=8292,ESL Pro League Season 21,esl-pro-league-season-21,95128,Bo3,2025-03-09 12:15:00,Vitality,2,MOUZ,0,Vitality,8292,dust2,m2,https://www.hltv.org/download/demo/95128,https://r2-demos.hltv.org/demos/112914/esl-pro-league-season-21-vitality-vs-mouz-bo3-Ko5VJMvyF1OsCx2TbVU9pb.rar,E8292_M95128_esl-pro-league-season-21-vitality-vs-mouz-bo3-Ko5VJMvyF1OsCx2TbVU9pb.rar,c:\Projects\cs2-match-and-player-scraper\ExtractAllData\downloads\extracted_data\ESL Pro League Season 21,,,
45,c:\Projects\cs2-match-and-player-scraper\ExtractAllData,https://www.hltv.org/matches/2380060/pain-vs-natus-vincere-esl-pro-league-season-21,https://www.hltv.org/results?event=8292,ESL Pro League Season 21,esl-pro-league-season-21,95126,Bo3,2025-03-09 11:30:00,paiN,0,Natus Vincere,2,Natus Vincere,8292,train,m1,https://www.hltv.org/download/demo/95126,https://r2-demos.hltv.org/demos/112912/esl-pro-league-season-21-pain-vs-natus-vincere-bo3-Wng9QucRUagRRALDQATcaH.rar,E8292_M95126_esl-pro-league-season-21-pain-vs-natus-vincere-bo3-Wng9QucRUagRRALDQATcaH.rar,c:\Projects\cs2-match-and-player-scraper\ExtractAllData\downloads\extracted_data\ESL Pro League Season 21,,,
46,c:\Projects\cs2-match-and-player-scraper\ExtractAllData,https://www.hltv.org/matches/2380060/pain-vs-natus-vincere-esl-pro-league-season-21,https://www.hltv.org/results?event=8292,ESL Pro League Season 21,esl-pro-league-season-21,95126,Bo3,2025-03-09 11:30:00,paiN,0,Natus Vincere,2,Natus Vincere,8292,mirage,m2,https://www.hltv.org/download/demo/95126,https://r2-demos.hltv.org/demos/112912/esl-pro-league-season-21-pain-vs-natus-vincere-bo3-Wng9QucRUagRRALDQATcaH.rar,E8292_M95126_esl-pro-league-season-21-pain-vs-natus-vincere-bo3-Wng9QucRUagRRALDQATcaH.rar,c:\Projects\cs2-match-and-player-scraper\ExtractAllData\downloads\extracted_data\ESL Pro League Season 21,,,
47,c:\Projects\cs2-match-and-player-scraper\ExtractAllData,https://www.hltv.org/matches/2380058/g2-vs-saw-esl-pro-league-season-21,https://www.hltv.org/results?event=8292,ESL Pro League Season 21,esl-pro-league-season-21,95118,Bo3,2025-03-09 09:30:00,G2,2,SAW,0,G2,8292,nuke,m1,https://www.hltv.org/download/demo/95118,https://r2-demos.hltv.org/demos/112905/esl-pro-league-season-21-g2-vs-saw-bo3-mYM9DvqwBzOYzUiWtsWnmT.rar,E8292_M95118_esl-pro-league-season-21-g2-vs-saw-bo3-mYM9DvqwBzOYzUiWtsWnmT.rar,c:\Projects\cs2-match-and-player-scraper\ExtractAllData\downloads\extracted_data\ESL Pro League Season 21,,,
48,c:\Projects\cs2-match-and-player-scraper\ExtractAllData,https://www.hltv.org/matches/2380058/g2-vs-saw-esl-pro-league-season-21,https://www.hltv.org/results?event=8292,ESL Pro League Season 21,esl-pro-league-season-21,95118,Bo3,2025-03-09 09:30:00,G2,2,SAW,0,G2,8292,dust2,m2,https://www.hltv.org/download/demo/95118,https://r2-demos.hltv.org/demos/112905/esl-pro-league-season-21-g2-vs-saw-bo3-mYM9DvqwBzOYzUiWtsWnmT.rar,E8292_M95118_esl-pro-league-season-21-g2-vs-saw-bo3-mYM9DvqwBzOYzUiWtsWnmT.rar,c:\Projects\cs2-match-and-player-scraper\ExtractAllData\downloads\extracted_data\ESL Pro League Season 21,,,
49,c:\Projects\cs2-match-and-player-scraper\ExtractAllData,https://www.hltv.org/matches/2380055/gamerlegion-vs-tyloo-esl-pro-league-season-21,https://www.hltv.org/results?event=8292,ESL Pro League Season 21,esl-pro-league-season-21,95116,Bo3,2025-03-09 06:30:00,GamerLegion,2,TYLOO,0,GamerLegion,8292,ancient,m1,https://www.hltv.org/download/demo/95116,https://r2-demos.hltv.org/demos/112900/esl-pro-league-season-21-gamerlegion-vs-tyloo-bo3-0g9mXt3FIxC8XzjXNUjRL7.rar,E8292_M95116_esl-pro-league-season-21-gamerlegion-vs-tyloo-bo3-0g9mXt3FIxC8XzjXNUjRL7.rar,c:\Projects\cs2-match-and-player-scraper\ExtractAllData\downloads\extracted_data\ESL Pro League Season 21,,,
50,c:\Projects\cs2-match-and-player-scraper\ExtractAllData,https://www.hltv.org/matches/2380055/gamerlegion-vs-tyloo-esl-pro-league-season-21,https://www.hltv.org/results?event=8292,ESL Pro League Season 21,esl-pro-league-season-21,95116,Bo3,2025-03-09 06:30:00,GamerLegion,2,TYLOO,0,GamerLegion,8292,inferno,m2,https://www.hltv.org/download/demo/95116,https://r2-demos.hltv.org/demos/112900/esl-pro-league-season-21-gamerlegion-vs-tyloo-bo3-0g9mXt3FIxC8XzjXNUjRL7.rar,E8292_M95116_esl-pro-league-season-21-gamerlegion-vs-tyloo-bo3-0g9mXt3FIxC8XzjXNUjRL7.rar,c:\Projects\cs2-match-and-player-scraper\ExtractAllData\downloads\extracted_data\ESL Pro League Season 21,,,
51,c:\Projects\cs2-match-and-player-scraper\ExtractAllData,https://www.hltv.org/matches/2380057/spirit-vs-the-mongolz-esl-pro-league-season-21,https://www.hltv.org/results?event=8292,ESL Pro League Season 21,esl-pro-league-season-21,95122,Bo3,2025-03-09 10:05:00,Spirit,2,The MongolZ,0,Spirit,8292,anubis,m1,https://www.hltv.org/download/demo/95122,https://r2-demos.hltv.org/demos/112907/esl-pro-league-season-21-spirit-vs-the-mongolz-bo3-Fq34aEGuZ8rgDkuw_nCcE0.rar,E8292_M95122_esl-pro-league-season-21-spirit-vs-the-mongolz-bo3-Fq34aEGuZ8rgDkuw_nCcE0.rar,c:\Projects\cs2-match-and-player-scraper\ExtractAllData\downloads\extracted_data\ESL Pro League Season 21,,,
52,c:\Projects\cs2-match-and-player-scraper\ExtractAllData,https://www.hltv.org/matches/2380057/spirit-vs-the-mongolz-esl-pro-league-season-21,https://www.hltv.org/results?event=8292,ESL Pro League Season 21,esl-pro-league-season-21,95122,Bo3,2025-03-09 10:05:00,Spirit,2,The MongolZ,0,Spirit,8292,dust2,m2,https://www.hltv.org/download/demo/95122,https://r2-demos.hltv.org/demos/112907/esl-pro-league-season-21-spirit-vs-the-mongolz-bo3-Fq34aEGuZ8rgDkuw_nCcE0.rar,E8292_M95122_esl-pro-league-season-21-spirit-vs-the-mongolz-bo3-Fq34aEGuZ8rgDkuw_nCcE0.rar,c:\Projects\cs2-match-and-player-scraper\ExtractAllData\downloads\extracted_data\ESL Pro League Season 21,,,
53,c:\Projects\cs2-match-and-player-scraper\ExtractAllData,https://www.hltv.org/matches/2380056/falcons-vs-3dmax-esl-pro-league-season-21,https://www.hltv.org/results?event=8292,ESL Pro League Season 21,esl-pro-league-season-21,95111,Bo3,2025-03-09 06:30:00,Falcons,1,3DMAX,2,3DMAX,8292,inferno,m1,https://www.hltv.org/download/demo/95111,https://r2-demos.hltv.org/demos/112898/esl-pro-league-season-21-falcons-vs-3dmax-bo3-XHM3Ovc8L9TfLFTYQFrGdT.rar,E8292_M95111_esl-pro-league-season-21-falcons-vs-3dmax-bo3-XHM3Ovc8L9TfLFTYQFrGdT.rar,c:\Projects\cs2-match-and-player-scraper\ExtractAllData\downloads\extracted_data\ESL Pro League Season 21,,,
54,c:\Projects\cs2-match-and-player-scraper\ExtractAllData,https://www.hltv.org/matches/2380056/falcons-vs-3dmax-esl-pro-league-season-21,https://www.hltv.org/results?event=8292,ESL Pro League Season 21,esl-pro-league-season-21,95111,Bo3,2025-03-09 06:30:00,Falcons,1,3DMAX,2,3DMAX,8292,ancient,m2,https://www.hltv.org/download/demo/95111,https://r2-demos.hltv.org/demos/112898/esl-pro-league-season-21-falcons-vs-3dmax-bo3-XHM3Ovc8L9TfLFTYQFrGdT.rar,E8292_M95111_esl-pro-league-season-21-falcons-vs-3dmax-bo3-XHM3Ovc8L9TfLFTYQFrGdT.rar,c:\Projects\cs2-match-and-player-scraper\ExtractAllData\downloads\extracted_data\ESL Pro League Season 21,,,
55,c:\Projects\cs2-match-and-player-scraper\ExtractAllData,https://www.hltv.org/matches/2380056/falcons-vs-3dmax-esl-pro-league-season-21,https://www.hltv.org/results?event=8292,ESL Pro League Season 21,esl-pro-league-season-21,95111,Bo3,2025-03-09 06:30:00,Falcons,1,3DMAX,2,3DMAX,8292,dust2,m3,https://www.hltv.org/download/demo/95111,https://r2-demos.hltv.org/demos/112898/esl-pro-league-season-21-falcons-vs-3dmax-bo3-XHM3Ovc8L9TfLFTYQFrGdT.rar,E8292_M95111_esl-pro-league-season-21-falcons-vs-3dmax-bo3-XHM3Ovc8L9TfLFTYQFrGdT.rar,c:\Projects\cs2-match-and-player-scraper\ExtractAllData\downloads\extracted_data\ESL Pro League Season 21,,,
56,c:\Projects\cs2-match-and-player-scraper\ExtractAllData,https://www.hltv.org/matches/2380054/liquid-vs-furia-esl-pro-league-season-21,https://www.hltv.org/results?event=8292,ESL Pro League Season 21,esl-pro-league-season-21,95068,Bo3,2025-03-08 14:20:00,Liquid,2,FURIA,0,Liquid,8292,dust2,m1,https://www.hltv.org/download/demo/95068,https://r2-demos.hltv.org/demos/112855/esl-pro-league-season-21-liquid-vs-furia-bo3-A6x37QRcgJuTWNtQ7nobC4.rar,E8292_M95068_esl-pro-league-season-21-liquid-vs-furia-bo3-A6x37QRcgJuTWNtQ7nobC4.rar,c:\Projects\cs2-match-and-player-scraper\ExtractAllData\downloads\extracted_data\ESL Pro League Season 21,,,
57,c:\Projects\cs2-match-and-player-scraper\ExtractAllData,https://www.hltv.org/matches/2380054/liquid-vs-furia-esl-pro-league-season-21,https://www.hltv.org/results?event=8292,ESL Pro League Season 21,esl-pro-league-season-21,95068,Bo3,2025-03-08 14:20:00,Liquid,2,FURIA,0,Liquid,8292,anubis,m2,https://www.hltv.org/download/demo/95068,https://r2-demos.hltv.org/demos/112855/esl-pro-league-season-21-liquid-vs-furia-bo3-A6x37QRcgJuTWNtQ7nobC4.rar,E8292_M95068_esl-pro-league-season-21-liquid-vs-furia-bo3-A6x37QRcgJuTWNtQ7nobC4.rar,c:\Projects\cs2-match-and-player-scraper\ExtractAllData\downloads\extracted_data\ESL Pro League Season 21,,,
58,c:\Projects\cs2-match-and-player-scraper\ExtractAllData,https://www.hltv.org/matches/2380053/spirit-vs-saw-esl-pro-league-season-21,https://www.hltv.org/results?event=8292,ESL Pro League Season 21,esl-pro-league-season-21,95069,Bo3,2025-03-08 14:50:00,Spirit,2,SAW,0,Spirit,8292,dust2,m1,https://www.hltv.org/download/demo/95069,https://r2-demos.hltv.org/demos/112856/esl-pro-league-season-21-spirit-vs-saw-bo3-_1uD70D_aUzOV8qHt5kBr9.rar,E8292_M95069_esl-pro-league-season-21-spirit-vs-saw-bo3-_1uD70D_aUzOV8qHt5kBr9.rar,c:\Projects\cs2-match-and-player-scraper\ExtractAllData\downloads\extracted_data\ESL Pro League Season 21,,,
59,c:\Projects\cs2-match-and-player-scraper\ExtractAllData,https://www.hltv.org/matches/2380053/spirit-vs-saw-esl-pro-league-season-21,https://www.hltv.org/results?event=8292,ESL Pro League Season 21,esl-pro-league-season-21,95069,Bo3,2025-03-08 14:50:00,Spirit,2,SAW,0,Spirit,8292,train,m2,https://www.hltv.org/download/demo/95069,https://r2-demos.hltv.org/demos/112856/esl-pro-league-season-21-spirit-vs-saw-bo3-_1uD70D_aUzOV8qHt5kBr9.rar,E8292_M95069_esl-pro-league-season-21-spirit-vs-saw-bo3-_1uD70D_aUzOV8qHt5kBr9.rar,c:\Projects\cs2-match-and-player-scraper\ExtractAllData\downloads\extracted_data\ESL Pro League Season 21,,,
60,c:\Projects\cs2-match-and-player-scraper\ExtractAllData,https://www.hltv.org/matches/2380052/mouz-vs-falcons-esl-pro-league-season-21,https://www.hltv.org/results?event=8292,ESL Pro League Season 21,esl-pro-league-season-21,95056,Bo3,2025-03-08 12:15:00,MOUZ,2,Falcons,0,MOUZ,8292,train,m1,https://www.hltv.org/download/demo/95056,https://r2-demos.hltv.org/demos/112841/esl-pro-league-season-21-mouz-vs-falcons-bo3-yayytstbo8IxTFlUpfbUPR.rar,E8292_M95056_esl-pro-league-season-21-mouz-vs-falcons-bo3-yayytstbo8IxTFlUpfbUPR.rar,c:\Projects\cs2-match-and-player-scraper\ExtractAllData\downloads\extracted_data\ESL Pro League Season 21,,,
61,c:\Projects\cs2-match-and-player-scraper\ExtractAllData,https://www.hltv.org/matches/2380052/mouz-vs-falcons-esl-pro-league-season-21,https://www.hltv.org/results?event=8292,ESL Pro League Season 21,esl-pro-league-season-21,95056,Bo3,2025-03-08 12:15:00,MOUZ,2,Falcons,0,MOUZ,8292,nuke,m2,https://www.hltv.org/download/demo/95056,https://r2-demos.hltv.org/demos/112841/esl-pro-league-season-21-mouz-vs-falcons-bo3-yayytstbo8IxTFlUpfbUPR.rar,E8292_M95056_esl-pro-league-season-21-mouz-vs-falcons-bo3-yayytstbo8IxTFlUpfbUPR.rar,c:\Projects\cs2-match-and-player-scraper\ExtractAllData\downloads\extracted_data\ESL Pro League Season 21,,,
62,c:\Projects\cs2-match-and-player-scraper\ExtractAllData,https://www.hltv.org/matches/2380075/eternal-fire-vs-spirit-esl-pro-league-season-21,https://www.hltv.org/results?event=8292,ESL Pro League Season 21,esl-pro-league-season-21,95268,Bo3,2025-03-13 11:45:00,Eternal Fire,1,Spirit,2,Spirit,8292,nuke,m1,https://www.hltv.org/download/demo/95268,https://r2-demos.hltv.org/demos/113071/esl-pro-league-season-21-eternal-fire-vs-spirit-bo3--UuyIAeKfzvPQul8FORRZR.rar,E8292_M95268_esl-pro-league-season-21-eternal-fire-vs-spirit-bo3--UuyIAeKfzvPQul8FORRZR.rar,c:\Projects\cs2-match-and-player-scraper\ExtractAllData\downloads\extracted_data\ESL Pro League Season 21,,,
63,c:\Projects\cs2-match-and-player-scraper\ExtractAllData,https://www.hltv.org/matches/2380075/eternal-fire-vs-spirit-esl-pro-league-season-21,https://www.hltv.org/results?event=8292,ESL Pro League Season 21,esl-pro-league-season-21,95268,Bo3,2025-03-13 11:45:00,Eternal Fire,1,Spirit,2,Spirit,8292,anubis,m2,https://www.hltv.org/download/demo/95268,https://r2-demos.hltv.org/demos/113071/esl-pro-league-season-21-eternal-fire-vs-spirit-bo3--UuyIAeKfzvPQul8FORRZR.rar,E8292_M95268_esl-pro-league-season-21-eternal-fire-vs-spirit-bo3--UuyIAeKfzvPQul8FORRZR.rar,c:\Projects\cs2-match-and-player-scraper\ExtractAllData\downloads\extracted_data\ESL Pro League Season 21,,,
64,c:\Projects\cs2-match-and-player-scraper\ExtractAllData,https://www.hltv.org/matches/2380075/eternal-fire-vs-spirit-esl-pro-league-season-21,https://www.hltv.org/results?event=8292,ESL Pro League Season 21,esl-pro-league-season-21,95268,Bo3,2025-03-13 11:45:00,Eternal Fire,1,Spirit,2,Spirit,8292,mirage,m3,https://www.hltv.org/download/demo/95268,https://r2-demos.hltv.org/demos/113071/esl-pro-league-season-21-eternal-fire-vs-spirit-bo3--UuyIAeKfzvPQul8FORRZR.rar,E8292_M95268_esl-pro-league-season-21-eternal-fire-vs-spirit-bo3--UuyIAeKfzvPQul8FORRZR.rar,c:\Projects\cs2-match-and-player-scraper\ExtractAllData\downloads\extracted_data\ESL Pro League Season 21,,,
65,c:\Projects\cs2-match-and-player-scraper\ExtractAllData,https://www.hltv.org/matches/2380049/g2-vs-the-mongolz-esl-pro-league-season-21,https://www.hltv.org/results?event=8292,ESL Pro League Season 21,esl-pro-league-season-21,95049,Bo3,2025-03-08 09:30:00,G2,1,The MongolZ,2,The MongolZ,8292,ancient,m1,https://www.hltv.org/download/demo/95049,https://r2-demos.hltv.org/demos/112833/esl-pro-league-season-21-g2-vs-the-mongolz-bo3-7apyzm7ukDG33qr0B-ny2V.rar,E8292_M95049_esl-pro-league-season-21-g2-vs-the-mongolz-bo3-7apyzm7ukDG33qr0B-ny2V.rar,c:\Projects\cs2-match-and-player-scraper\ExtractAllData\downloads\extracted_data\ESL Pro League Season 21,,,
66,c:\Projects\cs2-match-and-player-scraper\ExtractAllData,https://www.hltv.org/matches/2380049/g2-vs-the-mongolz-esl-pro-league-season-21,https://www.hltv.org/results?event=8292,ESL Pro League Season 21,esl-pro-league-season-21,95049,Bo3,2025-03-08 09:30:00,G2,1,The MongolZ,2,The MongolZ,8292,dust2,m2,https://www.hltv.org/download/demo/95049,https://r2-demos.hltv.org/demos/112833/esl-pro-league-season-21-g2-vs-the-mongolz-bo3-7apyzm7ukDG33qr0B-ny2V.rar,E8292_M95049_esl-pro-league-season-21-g2-vs-the-mongolz-bo3-7apyzm7ukDG33qr0B-ny2V.rar,c:\Projects\cs2-match-and-player-scraper\ExtractAllData\downloads\extracted_data\ESL Pro League Season 21,,,
67,c:\Projects\cs2-match-and-player-scraper\ExtractAllData,https://www.hltv.org/matches/2380049/g2-vs-the-mongolz-esl-pro-league-season-21,https://www.hltv.org/results?event=8292,ESL Pro League Season 21,esl-pro-league-season-21,95049,Bo3,2025-03-08 09:30:00,G2,1,The MongolZ,2,The MongolZ,8292,mirage,m3,https://www.hltv.org/download/demo/95049,https://r2-demos.hltv.org/demos/112833/esl-pro-league-season-21-g2-vs-the-mongolz-bo3-7apyzm7ukDG33qr0B-ny2V.rar,E8292_M95049_esl-pro-league-season-21-g2-vs-the-mongolz-bo3-7apyzm7ukDG33qr0B-ny2V.rar,c:\Projects\cs2-match-and-player-scraper\ExtractAllData\downloads\extracted_data\ESL Pro League Season 21,,,
68,c:\Projects\cs2-match-and-player-scraper\ExtractAllData,https://www.hltv.org/matches/2380047/natus-vincere-vs-tyloo-esl-pro-league-season-21,https://www.hltv.org/results?event=8292,ESL Pro League Season 21,esl-pro-league-season-21,95036,Bo3,2025-03-08 06:30:00,Natus Vincere,2,TYLOO,1,Natus Vincere,8292,inferno,m1,https://www.hltv.org/download/demo/95036,https://r2-demos.hltv.org/demos/112818/esl-pro-league-season-21-natus-vincere-vs-tyloo-bo3-u9zlDGjnIy0eSohnO5P-Xx.rar,E8292_M95036_esl-pro-league-season-21-natus-vincere-vs-tyloo-bo3-u9zlDGjnIy0eSohnO5P-Xx.rar,c:\Projects\cs2-match-and-player-scraper\ExtractAllData\downloads\extracted_data\ESL Pro League Season 21,,,
69,c:\Projects\cs2-match-and-player-scraper\ExtractAllData,https://www.hltv.org/matches/2380047/natus-vincere-vs-tyloo-esl-pro-league-season-21,https://www.hltv.org/results?event=8292,ESL Pro League Season 21,esl-pro-league-season-21,95036,Bo3,2025-03-08 06:30:00,Natus Vincere,2,TYLOO,1,Natus Vincere,8292,mirage,m2,https://www.hltv.org/download/demo/95036,https://r2-demos.hltv.org/demos/112818/esl-pro-league-season-21-natus-vincere-vs-tyloo-bo3-u9zlDGjnIy0eSohnO5P-Xx.rar,E8292_M95036_esl-pro-league-season-21-natus-vincere-vs-tyloo-bo3-u9zlDGjnIy0eSohnO5P-Xx.rar,c:\Projects\cs2-match-and-player-scraper\ExtractAllData\downloads\extracted_data\ESL Pro League Season 21,,,
70,c:\Projects\cs2-match-and-player-scraper\ExtractAllData,https://www.hltv.org/matches/2380047/natus-vincere-vs-tyloo-esl-pro-league-season-21,https://www.hltv.org/results?event=8292,ESL Pro League Season 21,esl-pro-league-season-21,95036,Bo3,2025-03-08 06:30:00,Natus Vincere,2,TYLOO,1,Natus Vincere,8292,ancient,m3,https://www.hltv.org/download/demo/95036,https://r2-demos.hltv.org/demos/112818/esl-pro-league-season-21-natus-vincere-vs-tyloo-bo3-u9zlDGjnIy0eSohnO5P-Xx.rar,E8292_M95036_esl-pro-league-season-21-natus-vincere-vs-tyloo-bo3-u9zlDGjnIy0eSohnO5P-Xx.rar,c:\Projects\cs2-match-and-player-scraper\ExtractAllData\downloads\extracted_data\ESL Pro League Season 21,,,
71,c:\Projects\cs2-match-and-player-scraper\ExtractAllData,https://www.hltv.org/matches/2380050/gamerlegion-vs-pain-esl-pro-league-season-21,https://www.hltv.org/results?event=8292,ESL Pro League Season 21,esl-pro-league-season-21,95045,Bo3,2025-03-08 09:00:00,GamerLegion,1,paiN,2,paiN,8292,nuke,m1,https://www.hltv.org/download/demo/95045,https://r2-demos.hltv.org/demos/112828/esl-pro-league-season-21-gamerlegion-vs-pain-bo3-zcuZjSa9VUSMkJoK5k8I3c.rar,E8292_M95045_esl-pro-league-season-21-gamerlegion-vs-pain-bo3-zcuZjSa9VUSMkJoK5k8I3c.rar,c:\Projects\cs2-match-and-player-scraper\ExtractAllData\downloads\extracted_data\ESL Pro League Season 21,,,
72,c:\Projects\cs2-match-and-player-scraper\ExtractAllData,https://www.hltv.org/matches/2380050/gamerlegion-vs-pain-esl-pro-league-season-21,https://www.hltv.org/results?event=8292,ESL Pro League Season 21,esl-pro-league-season-21,95045,Bo3,2025-03-08 09:00:00,GamerLegion,1,paiN,2,paiN,8292,inferno,m2,https://www.hltv.org/download/demo/95045,https://r2-demos.hltv.org/demos/112828/esl-pro-league-season-21-gamerlegion-vs-pain-bo3-zcuZjSa9VUSMkJoK5k8I3c.rar,E8292_M95045_esl-pro-league-season-21-gamerlegion-vs-pain-bo3-zcuZjSa9VUSMkJoK5k8I3c.rar,c:\Projects\cs2-match-and-player-scraper\ExtractAllData\downloads\extracted_data\ESL Pro League Season 21,,,
73,c:\Projects\cs2-match-and-player-scraper\ExtractAllData,https://www.hltv.org/matches/2380050/gamerlegion-vs-pain-esl-pro-league-season-21,https://www.hltv.org/results?event=8292,ESL Pro League Season 21,esl-pro-league-season-21,95045,Bo3,2025-03-08 09:00:00,GamerLegion,1,paiN,2,paiN,8292,mirage,m3,https://www.hltv.org/download/demo/95045,https://r2-demos.hltv.org/demos/112828/esl-pro-league-season-21-gamerlegion-vs-pain-bo3-zcuZjSa9VUSMkJoK5k8I3c.rar,E8292_M95045_esl-pro-league-season-21-gamerlegion-vs-pain-bo3-zcuZjSa9VUSMkJoK5k8I3c.rar,c:\Projects\cs2-match-and-player-scraper\ExtractAllData\downloads\extracted_data\ESL Pro League Season 21,,,
74,c:\Projects\cs2-match-and-player-scraper\ExtractAllData,https://www.hltv.org/matches/2380048/eternal-fire-vs-mibr-esl-pro-league-season-21,https://www.hltv.org/results?event=8292,ESL Pro League Season 21,esl-pro-league-season-21,95032,Bo3,2025-03-08 06:30:00,Eternal Fire,2,MIBR,0,Eternal Fire,8292,mirage,m1,https://www.hltv.org/download/demo/95032,https://r2-demos.hltv.org/demos/112815/esl-pro-league-season-21-eternal-fire-vs-mibr-bo3-5c0XDtyDjecC4DbnFrXdzE.rar,E8292_M95032_esl-pro-league-season-21-eternal-fire-vs-mibr-bo3-5c0XDtyDjecC4DbnFrXdzE.rar,c:\Projects\cs2-match-and-player-scraper\ExtractAllData\downloads\extracted_data\ESL Pro League Season 21,,,
75,c:\Projects\cs2-match-and-player-scraper\ExtractAllData,https://www.hltv.org/matches/2380048/eternal-fire-vs-mibr-esl-pro-league-season-21,https://www.hltv.org/results?event=8292,ESL Pro League Season 21,esl-pro-league-season-21,95032,Bo3,2025-03-08 06:30:00,Eternal Fire,2,MIBR,0,Eternal Fire,8292,inferno,m2,https://www.hltv.org/download/demo/95032,https://r2-demos.hltv.org/demos/112815/esl-pro-league-season-21-eternal-fire-vs-mibr-bo3-5c0XDtyDjecC4DbnFrXdzE.rar,E8292_M95032_esl-pro-league-season-21-eternal-fire-vs-mibr-bo3-5c0XDtyDjecC4DbnFrXdzE.rar,c:\Projects\cs2-match-and-player-scraper\ExtractAllData\downloads\extracted_data\ESL Pro League Season 21,,,
76,c:\Projects\cs2-match-and-player-scraper\ExtractAllData,https://www.hltv.org/matches/2380043/g2-vs-pain-esl-pro-league-season-21,https://www.hltv.org/results?event=8292,ESL Pro League Season 21,esl-pro-league-season-21,94997,Bo3,2025-03-07 14:15:00,G2,2,paiN,0,G2,8292,nuke,m1,https://www.hltv.org/download/demo/94997,https://r2-demos.hltv.org/demos/112777/esl-pro-league-season-21-g2-vs-pain-bo3-CH2M9HysLDAgQQ2LK1OEKL.rar,E8292_M94997_esl-pro-league-season-21-g2-vs-pain-bo3-CH2M9HysLDAgQQ2LK1OEKL.rar,c:\Projects\cs2-match-and-player-scraper\ExtractAllData\downloads\extracted_data\ESL Pro League Season 21,,,
77,c:\Projects\cs2-match-and-player-scraper\ExtractAllData,https://www.hltv.org/matches/2380043/g2-vs-pain-esl-pro-league-season-21,https://www.hltv.org/results?event=8292,ESL Pro League Season 21,esl-pro-league-season-21,94997,Bo3,2025-03-07 14:15:00,G2,2,paiN,0,G2,8292,inferno,m2,https://www.hltv.org/download/demo/94997,https://r2-demos.hltv.org/demos/112777/esl-pro-league-season-21-g2-vs-pain-bo3-CH2M9HysLDAgQQ2LK1OEKL.rar,E8292_M94997_esl-pro-league-season-21-g2-vs-pain-bo3-CH2M9HysLDAgQQ2LK1OEKL.rar,c:\Projects\cs2-match-and-player-scraper\ExtractAllData\downloads\extracted_data\ESL Pro League Season 21,,,
78,c:\Projects\cs2-match-and-player-scraper\ExtractAllData,https://www.hltv.org/matches/2380042/mouz-vs-furia-esl-pro-league-season-21,https://www.hltv.org/results?event=8292,ESL Pro League Season 21,esl-pro-league-season-21,94994,Bo3,2025-03-07 11:45:00,MOUZ,2,FURIA,1,MOUZ,8292,train,m1,https://www.hltv.org/download/demo/94994,https://r2-demos.hltv.org/demos/112776/esl-pro-league-season-21-mouz-vs-furia-bo3-BKGRWkyfRh7Bo8KhpXS3Tc.rar,E8292_M94994_esl-pro-league-season-21-mouz-vs-furia-bo3-BKGRWkyfRh7Bo8KhpXS3Tc.rar,c:\Projects\cs2-match-and-player-scraper\ExtractAllData\downloads\extracted_data\ESL Pro League Season 21,,,
79,c:\Projects\cs2-match-and-player-scraper\ExtractAllData,https://www.hltv.org/matches/2380042/mouz-vs-furia-esl-pro-league-season-21,https://www.hltv.org/results?event=8292,ESL Pro League Season 21,esl-pro-league-season-21,94994,Bo3,2025-03-07 11:45:00,MOUZ,2,FURIA,1,MOUZ,8292,inferno,m2,https://www.hltv.org/download/demo/94994,https://r2-demos.hltv.org/demos/112776/esl-pro-league-season-21-mouz-vs-furia-bo3-BKGRWkyfRh7Bo8KhpXS3Tc.rar,E8292_M94994_esl-pro-league-season-21-mouz-vs-furia-bo3-BKGRWkyfRh7Bo8KhpXS3Tc.rar,c:\Projects\cs2-match-and-player-scraper\ExtractAllData\downloads\extracted_data\ESL Pro League Season 21,,,
80,c:\Projects\cs2-match-and-player-scraper\ExtractAllData,https://www.hltv.org/matches/2380042/mouz-vs-furia-esl-pro-league-season-21,https://www.hltv.org/results?event=8292,ESL Pro League Season 21,esl-pro-league-season-21,94994,Bo3,2025-03-07 11:45:00,MOUZ,2,FURIA,1,MOUZ,8292,nuke,m3,https://www.hltv.org/download/demo/94994,https://r2-demos.hltv.org/demos/112776/esl-pro-league-season-21-mouz-vs-furia-bo3-BKGRWkyfRh7Bo8KhpXS3Tc.rar,E8292_M94994_esl-pro-league-season-21-mouz-vs-furia-bo3-BKGRWkyfRh7Bo8KhpXS3Tc.rar,c:\Projects\cs2-match-and-player-scraper\ExtractAllData\downloads\extracted_data\ESL Pro League Season 21,,,
81,c:\Projects\cs2-match-and-player-scraper\ExtractAllData,https://www.hltv.org/matches/2380041/natus-vincere-vs-saw-esl-pro-league-season-21,https://www.hltv.org/results?event=8292,ESL Pro League Season 21,esl-pro-league-season-21,94987,Bo3,2025-03-07 11:30:00,Natus Vincere,1,SAW,2,SAW,8292,inferno,m1,https://www.hltv.org/download/demo/94987,https://r2-demos.hltv.org/demos/112771/esl-pro-league-season-21-natus-vincere-vs-saw-bo3-PeKJ4V-uBfKnBCIB8ocl58.rar,E8292_M94987_esl-pro-league-season-21-natus-vincere-vs-saw-bo3-PeKJ4V-uBfKnBCIB8ocl58.rar,c:\Projects\cs2-match-and-player-scraper\ExtractAllData\downloads\extracted_data\ESL Pro League Season 21,,,
82,c:\Projects\cs2-match-and-player-scraper\ExtractAllData,https://www.hltv.org/matches/2380041/natus-vincere-vs-saw-esl-pro-league-season-21,https://www.hltv.org/results?event=8292,ESL Pro League Season 21,esl-pro-league-season-21,94987,Bo3,2025-03-07 11:30:00,Natus Vincere,1,SAW,2,SAW,8292,nuke,m2,https://www.hltv.org/download/demo/94987,https://r2-demos.hltv.org/demos/112771/esl-pro-league-season-21-natus-vincere-vs-saw-bo3-PeKJ4V-uBfKnBCIB8ocl58.rar,E8292_M94987_esl-pro-league-season-21-natus-vincere-vs-saw-bo3-PeKJ4V-uBfKnBCIB8ocl58.rar,c:\Projects\cs2-match-and-player-scraper\ExtractAllData\downloads\extracted_data\ESL Pro League Season 21,,,
83,c:\Projects\cs2-match-and-player-scraper\ExtractAllData,https://www.hltv.org/matches/2380041/natus-vincere-vs-saw-esl-pro-league-season-21,https://www.hltv.org/results?event=8292,ESL Pro League Season 21,esl-pro-league-season-21,94987,Bo3,2025-03-07 11:30:00,Natus Vincere,1,SAW,2,SAW,8292,ancient,m3,https://www.hltv.org/download/demo/94987,https://r2-demos.hltv.org/demos/112771/esl-pro-league-season-21-natus-vincere-vs-saw-bo3-PeKJ4V-uBfKnBCIB8ocl58.rar,E8292_M94987_esl-pro-league-season-21-natus-vincere-vs-saw-bo3-PeKJ4V-uBfKnBCIB8ocl58.rar,c:\Projects\cs2-match-and-player-scraper\ExtractAllData\downloads\extracted_data\ESL Pro League Season 21,,,
84,c:\Projects\cs2-match-and-player-scraper\ExtractAllData,https://www.hltv.org/matches/2380044/the-mongolz-vs-gamerlegion-esl-pro-league-season-21,https://www.hltv.org/results?event=8292,ESL Pro League Season 21,esl-pro-league-season-21,94978,Bo3,2025-03-07 09:00:00,The MongolZ,2,GamerLegion,0,The MongolZ,8292,inferno,m1,https://www.hltv.org/download/demo/94978,https://r2-demos.hltv.org/demos/112757/esl-pro-league-season-21-the-mongolz-vs-gamerlegion-bo3-cVvAtea3a2jqGyYHg8g5GI.rar,E8292_M94978_esl-pro-league-season-21-the-mongolz-vs-gamerlegion-bo3-cVvAtea3a2jqGyYHg8g5GI.rar,c:\Projects\cs2-match-and-player-scraper\ExtractAllData\downloads\extracted_data\ESL Pro League Season 21,,,
85,c:\Projects\cs2-match-and-player-scraper\ExtractAllData,https://www.hltv.org/matches/2380044/the-mongolz-vs-gamerlegion-esl-pro-league-season-21,https://www.hltv.org/results?event=8292,ESL Pro League Season 21,esl-pro-league-season-21,94978,Bo3,2025-03-07 09:00:00,The MongolZ,2,GamerLegion,0,The MongolZ,8292,mirage,m2,https://www.hltv.org/download/demo/94978,https://r2-demos.hltv.org/demos/112757/esl-pro-league-season-21-the-mongolz-vs-gamerlegion-bo3-cVvAtea3a2jqGyYHg8g5GI.rar,E8292_M94978_esl-pro-league-season-21-the-mongolz-vs-gamerlegion-bo3-cVvAtea3a2jqGyYHg8g5GI.rar,c:\Projects\cs2-match-and-player-scraper\ExtractAllData\downloads\extracted_data\ESL Pro League Season 21,,,
86,c:\Projects\cs2-match-and-player-scraper\ExtractAllData,https://www.hltv.org/matches/2380045/eternal-fire-vs-3dmax-esl-pro-league-season-21,https://www.hltv.org/results?event=8292,ESL Pro League Season 21,esl-pro-league-season-21,94979,Bo3,2025-03-07 09:30:00,Eternal Fire,0,3DMAX,2,3DMAX,8292,inferno,m1,https://www.hltv.org/download/demo/94979,https://r2-demos.hltv.org/demos/112759/esl-pro-league-season-21-eternal-fire-vs-3dmax-bo3-n92j1X5nWKaSf3a0PZ-lWq.rar,E8292_M94979_esl-pro-league-season-21-eternal-fire-vs-3dmax-bo3-n92j1X5nWKaSf3a0PZ-lWq.rar,c:\Projects\cs2-match-and-player-scraper\ExtractAllData\downloads\extracted_data\ESL Pro League Season 21,,,
87,c:\Projects\cs2-match-and-player-scraper\ExtractAllData,https://www.hltv.org/matches/2380045/eternal-fire-vs-3dmax-esl-pro-league-season-21,https://www.hltv.org/results?event=8292,ESL Pro League Season 21,esl-pro-league-season-21,94979,Bo3,2025-03-07 09:30:00,Eternal Fire,0,3DMAX,2,3DMAX,8292,anubis,m2,https://www.hltv.org/download/demo/94979,https://r2-demos.hltv.org/demos/112759/esl-pro-league-season-21-eternal-fire-vs-3dmax-bo3-n92j1X5nWKaSf3a0PZ-lWq.rar,E8292_M94979_esl-pro-league-season-21-eternal-fire-vs-3dmax-bo3-n92j1X5nWKaSf3a0PZ-lWq.rar,c:\Projects\cs2-match-and-player-scraper\ExtractAllData\downloads\extracted_data\ESL Pro League Season 21,,,
88,c:\Projects\cs2-match-and-player-scraper\ExtractAllData,https://www.hltv.org/matches/2380051/vitality-vs-3dmax-esl-pro-league-season-21,https://www.hltv.org/results?event=8292,ESL Pro League Season 21,esl-pro-league-season-21,95059,Bo3,2025-03-08 12:55:00,Vitality,2,3DMAX,0,Vitality,8292,train,m1,https://www.hltv.org/download/demo/95059,https://r2-demos.hltv.org/demos/112845/esl-pro-league-season-21-vitality-vs-3dmax-bo3-SFueR4Yd1u5-bIhh5XKwOq.rar,E8292_M95059_esl-pro-league-season-21-vitality-vs-3dmax-bo3-SFueR4Yd1u5-bIhh5XKwOq.rar,c:\Projects\cs2-match-and-player-scraper\ExtractAllData\downloads\extracted_data\ESL Pro League Season 21,,,
89,c:\Projects\cs2-match-and-player-scraper\ExtractAllData,https://www.hltv.org/matches/2380051/vitality-vs-3dmax-esl-pro-league-season-21,https://www.hltv.org/results?event=8292,ESL Pro League Season 21,esl-pro-league-season-21,95059,Bo3,2025-03-08 12:55:00,Vitality,2,3DMAX,0,Vitality,8292,dust2,m2,https://www.hltv.org/download/demo/95059,https://r2-demos.hltv.org/demos/112845/esl-pro-league-season-21-vitality-vs-3dmax-bo3-SFueR4Yd1u5-bIhh5XKwOq.rar,E8292_M95059_esl-pro-league-season-21-vitality-vs-3dmax-bo3-SFueR4Yd1u5-bIhh5XKwOq.rar,c:\Projects\cs2-match-and-player-scraper\ExtractAllData\downloads\extracted_data\ESL Pro League Season 21,,,
90,c:\Projects\cs2-match-and-player-scraper\ExtractAllData,https://www.hltv.org/matches/2380040/vitality-vs-mibr-esl-pro-league-season-21,https://www.hltv.org/results?event=8292,ESL Pro League Season 21,esl-pro-league-season-21,94973,Bo3,2025-03-07 06:30:00,Vitality,2,MIBR,1,Vitality,8292,anubis,m1,https://www.hltv.org/download/demo/94973,https://r2-demos.hltv.org/demos/112752/esl-pro-league-season-21-vitality-vs-mibr-bo3-vjmAHfXA4PQfROTmirSCCF.rar,E8292_M94973_esl-pro-league-season-21-vitality-vs-mibr-bo3-vjmAHfXA4PQfROTmirSCCF.rar,c:\Projects\cs2-match-and-player-scraper\ExtractAllData\downloads\extracted_data\ESL Pro League Season 21,,,
91,c:\Projects\cs2-match-and-player-scraper\ExtractAllData,https://www.hltv.org/matches/2380040/vitality-vs-mibr-esl-pro-league-season-21,https://www.hltv.org/results?event=8292,ESL Pro League Season 21,esl-pro-league-season-21,94973,Bo3,2025-03-07 06:30:00,Vitality,2,MIBR,1,Vitality,8292,inferno,m2,https://www.hltv.org/download/demo/94973,https://r2-demos.hltv.org/demos/112752/esl-pro-league-season-21-vitality-vs-mibr-bo3-vjmAHfXA4PQfROTmirSCCF.rar,E8292_M94973_esl-pro-league-season-21-vitality-vs-mibr-bo3-vjmAHfXA4PQfROTmirSCCF.rar,c:\Projects\cs2-match-and-player-scraper\ExtractAllData\downloads\extracted_data\ESL Pro League Season 21,,,
92,c:\Projects\cs2-match-and-player-scraper\ExtractAllData,https://www.hltv.org/matches/2380040/vitality-vs-mibr-esl-pro-league-season-21,https://www.hltv.org/results?event=8292,ESL Pro League Season 21,esl-pro-league-season-21,94973,Bo3,2025-03-07 06:30:00,Vitality,2,MIBR,1,Vitality,8292,train,m3,https://www.hltv.org/download/demo/94973,https://r2-demos.hltv.org/demos/112752/esl-pro-league-season-21-vitality-vs-mibr-bo3-vjmAHfXA4PQfROTmirSCCF.rar,E8292_M94973_esl-pro-league-season-21-vitality-vs-mibr-bo3-vjmAHfXA4PQfROTmirSCCF.rar,c:\Projects\cs2-match-and-player-scraper\ExtractAllData\downloads\extracted_data\ESL Pro League Season 21,,,
93,c:\Projects\cs2-match-and-player-scraper\ExtractAllData,https://www.hltv.org/matches/2380046/falcons-vs-liquid-esl-pro-league-season-21,https://www.hltv.org/results?event=8292,ESL Pro League Season 21,esl-pro-league-season-21,95008,Bo3,2025-03-07 15:25:00,Falcons,2,Liquid,1,Falcons,8292,inferno,m1,https://www.hltv.org/download/demo/95008,https://r2-demos.hltv.org/demos/112790/esl-pro-league-season-21-falcons-vs-liquid-bo3-2UFRkADcYr8yzKfwCRAb14.rar,E8292_M95008_esl-pro-league-season-21-falcons-vs-liquid-bo3-2UFRkADcYr8yzKfwCRAb14.rar,c:\Projects\cs2-match-and-player-scraper\ExtractAllData\downloads\extracted_data\ESL Pro League Season 21,,,
94,c:\Projects\cs2-match-and-player-scraper\ExtractAllData,https://www.hltv.org/matches/2380046/falcons-vs-liquid-esl-pro-league-season-21,https://www.hltv.org/results?event=8292,ESL Pro League Season 21,esl-pro-league-season-21,95008,Bo3,2025-03-07 15:25:00,Falcons,2,Liquid,1,Falcons,8292,dust2,m2,https://www.hltv.org/download/demo/95008,https://r2-demos.hltv.org/demos/112790/esl-pro-league-season-21-falcons-vs-liquid-bo3-2UFRkADcYr8yzKfwCRAb14.rar,E8292_M95008_esl-pro-league-season-21-falcons-vs-liquid-bo3-2UFRkADcYr8yzKfwCRAb14.rar,c:\Projects\cs2-match-and-player-scraper\ExtractAllData\downloads\extracted_data\ESL Pro League Season 21,,,
95,c:\Projects\cs2-match-and-player-scraper\ExtractAllData,https://www.hltv.org/matches/2380046/falcons-vs-liquid-esl-pro-league-season-21,https://www.hltv.org/results?event=8292,ESL Pro League Season 21,esl-pro-league-season-21,95008,Bo3,2025-03-07 15:25:00,Falcons,2,Liquid,1,Falcons,8292,ancient,m3,https://www.hltv.org/download/demo/95008,https://r2-demos.hltv.org/demos/112790/esl-pro-league-season-21-falcons-vs-liquid-bo3-2UFRkADcYr8yzKfwCRAb14.rar,E8292_M95008_esl-pro-league-season-21-falcons-vs-liquid-bo3-2UFRkADcYr8yzKfwCRAb14.rar,c:\Projects\cs2-match-and-player-scraper\ExtractAllData\downloads\extracted_data\ESL Pro League Season 21,,,
96,c:\Projects\cs2-match-and-player-scraper\ExtractAllData,https://www.hltv.org/matches/2380039/spirit-vs-tyloo-esl-pro-league-season-21,https://www.hltv.org/results?event=8292,ESL Pro League Season 21,esl-pro-league-season-21,94971,Bo3,2025-03-07 06:40:00,Spirit,2,TYLOO,0,Spirit,8292,anubis,m1,https://www.hltv.org/download/demo/94971,https://r2-demos.hltv.org/demos/112751/esl-pro-league-season-21-spirit-vs-tyloo-bo3-Tm1kCPPm_rgV_AdICwh4UB.rar,E8292_M94971_esl-pro-league-season-21-spirit-vs-tyloo-bo3-Tm1kCPPm_rgV_AdICwh4UB.rar,c:\Projects\cs2-match-and-player-scraper\ExtractAllData\downloads\extracted_data\ESL Pro League Season 21,,,
97,c:\Projects\cs2-match-and-player-scraper\ExtractAllData,https://www.hltv.org/matches/2380039/spirit-vs-tyloo-esl-pro-league-season-21,https://www.hltv.org/results?event=8292,ESL Pro League Season 21,esl-pro-league-season-21,94971,Bo3,2025-03-07 06:40:00,Spirit,2,TYLOO,0,Spirit,8292,nuke,m2,https://www.hltv.org/download/demo/94971,https://r2-demos.hltv.org/demos/112751/esl-pro-league-season-21-spirit-vs-tyloo-bo3-Tm1kCPPm_rgV_AdICwh4UB.rar,E8292_M94971_esl-pro-league-season-21-spirit-vs-tyloo-bo3-Tm1kCPPm_rgV_AdICwh4UB.rar,c:\Projects\cs2-match-and-player-scraper\ExtractAllData\downloads\extracted_data\ESL Pro League Season 21,,,
98,c:\Projects\cs2-match-and-player-scraper\ExtractAllData,https://www.hltv.org/matches/2376870/og-vs-3dmax-thunderpick-world-championship-2024-finals,https://www.hltv.org/results?event=7694,Thunderpick World Championship 2024 Finals,thunderpick-world-championship-2024-finals,92202,Bo3,2024-11-03 10:00:00,OG,1,3DMAX,2,3DMAX,7694,dust2,m1,https://www.hltv.org/download/demo/92202,https://r2-demos.hltv.org/demos/109830/thunderpick-world-championship-2024-finals-og-vs-3dmax-bo3-80mNy-iuzh7oRGd6fM6sGk.rar,E7694_M92202_thunderpick-world-championship-2024-finals-og-vs-3dmax-bo3-80mNy-iuzh7oRGd6fM6sGk.rar,c:\Projects\cs2-match-and-player-scraper\ExtractAllData\downloads\extracted_data\Thunderpick World Championship 2024 Finals,,,
99,c:\Projects\cs2-match-and-player-scraper\ExtractAllData,https://www.hltv.org/matches/2376870/og-vs-3dmax-thunderpick-world-championship-2024-finals,https://www.hltv.org/results?event=7694,Thunderpick World Championship 2024 Finals,thunderpick-world-championship-2024-finals,92202,Bo3,2024-11-03 10:00:00,OG,1,3DMAX,2,3DMAX,7694,ancient,m2,https://www.hltv.org/download/demo/92202,https://r2-demos.hltv.org/demos/109830/thunderpick-world-championship-2024-finals-og-vs-3dmax-bo3-80mNy-iuzh7oRGd6fM6sGk.rar,E7694_M92202_thunderpick-world-championship-2024-finals-og-vs-3dmax-bo3-80mNy-iuzh7oRGd6fM6sGk.rar,c:\Projects\cs2-match-and-player-scraper\ExtractAllData\downloads\extracted_data\Thunderpick World Championship 2024 Finals,,,
100,c:\Projects\cs2-match-and-player-scraper\ExtractAllData,https://www.hltv.org/matches/2376870/og-vs-3dmax-thunderpick-world-championship-2024-finals,https://www.hltv.org/results?event=7694,Thunderpick World Championship 2024 Finals,thunderpick-world-championship-2024-finals,92202,Bo3,2024-11-03 10:00:00,OG,1,3DMAX,2,3DMAX,7694,nuke,m3,https://www.hltv.org/download/demo/92202,https://r2-demos.hltv.org/demos/109830/thunderpick-world-championship-2024-finals-og-vs-3dmax-bo3-80mNy-iuzh7oRGd6fM6sGk.rar,E7694_M92202_thunderpick-world-championship-2024-finals-og-vs-3dmax-bo3-80mNy-iuzh7oRGd6fM6sGk.rar,c:\Projects\cs2-match-and-player-scraper\ExtractAllData\downloads\extracted_data\Thunderpick World Championship 2024 Finals,,,
101,c:\Projects\cs2-match-and-player-scraper\ExtractAllData,https://www.hltv.org/matches/2376868/heroic-vs-og-thunderpick-world-championship-2024-finals,https://www.hltv.org/results?event=7694,Thunderpick World Championship 2024 Finals,thunderpick-world-championship-2024-finals,92181,Bo3,2024-11-02 13:10:00,HEROIC,2,OG,0,HEROIC,7694,dust2,m1,https://www.hltv.org/download/demo/92181,https://r2-demos.hltv.org/demos/109809/thunderpick-world-championship-2024-finals-heroic-vs-og-bo3-FmAKl9oMve4Dwyu4DdRqvx.rar,E7694_M92181_thunderpick-world-championship-2024-finals-heroic-vs-og-bo3-FmAKl9oMve4Dwyu4DdRqvx.rar,c:\Projects\cs2-match-and-player-scraper\ExtractAllData\downloads\extracted_data\Thunderpick World Championship 2024 Finals,,,
102,c:\Projects\cs2-match-and-player-scraper\ExtractAllData,https://www.hltv.org/matches/2376868/heroic-vs-og-thunderpick-world-championship-2024-finals,https://www.hltv.org/results?event=7694,Thunderpick World Championship 2024 Finals,thunderpick-world-championship-2024-finals,92181,Bo3,2024-11-02 13:10:00,HEROIC,2,OG,0,HEROIC,7694,ancient,m2,https://www.hltv.org/download/demo/92181,https://r2-demos.hltv.org/demos/109809/thunderpick-world-championship-2024-finals-heroic-vs-og-bo3-FmAKl9oMve4Dwyu4DdRqvx.rar,E7694_M92181_thunderpick-world-championship-2024-finals-heroic-vs-og-bo3-FmAKl9oMve4Dwyu4DdRqvx.rar,c:\Projects\cs2-match-and-player-scraper\ExtractAllData\downloads\extracted_data\Thunderpick World Championship 2024 Finals,,,
103,c:\Projects\cs2-match-and-player-scraper\ExtractAllData,https://www.hltv.org/matches/2376871/heroic-vs-the-mongolz-thunderpick-world-championship-2024-finals,https://www.hltv.org/results?event=7694,Thunderpick World Championship 2024 Finals,thunderpick-world-championship-2024-finals,92212,Bo5,2024-11-03 13:30:00,HEROIC,1,The MongolZ,3,The MongolZ,7694,dust2,m1,https://www.hltv.org/download/demo/92212,https://r2-demos.hltv.org/demos/109841/thunderpick-world-championship-2024-finals-heroic-vs-the-mongolz-bo5-sTU-jFJxryBEQ3ms0jW_II.rar,E7694_M92212_thunderpick-world-championship-2024-finals-heroic-vs-the-mongolz-bo5-sTU-jFJxryBEQ3ms0jW_II.rar,c:\Projects\cs2-match-and-player-scraper\ExtractAllData\downloads\extracted_data\Thunderpick World Championship 2024 Finals,,,
104,c:\Projects\cs2-match-and-player-scraper\ExtractAllData,https://www.hltv.org/matches/2376871/heroic-vs-the-mongolz-thunderpick-world-championship-2024-finals,https://www.hltv.org/results?event=7694,Thunderpick World Championship 2024 Finals,thunderpick-world-championship-2024-finals,92212,Bo5,2024-11-03 13:30:00,HEROIC,1,The MongolZ,3,The MongolZ,7694,ancient,m2,https://www.hltv.org/download/demo/92212,https://r2-demos.hltv.org/demos/109841/thunderpick-world-championship-2024-finals-heroic-vs-the-mongolz-bo5-sTU-jFJxryBEQ3ms0jW_II.rar,E7694_M92212_thunderpick-world-championship-2024-finals-heroic-vs-the-mongolz-bo5-sTU-jFJxryBEQ3ms0jW_II.rar,c:\Projects\cs2-match-and-player-scraper\ExtractAllData\downloads\extracted_data\Thunderpick World Championship 2024 Finals,,,
105,c:\Projects\cs2-match-and-player-scraper\ExtractAllData,https://www.hltv.org/matches/2376871/heroic-vs-the-mongolz-thunderpick-world-championship-2024-finals,https://www.hltv.org/results?event=7694,Thunderpick World Championship 2024 Finals,thunderpick-world-championship-2024-finals,92212,Bo5,2024-11-03 13:30:00,HEROIC,1,The MongolZ,3,The MongolZ,7694,anubis,m3,https://www.hltv.org/download/demo/92212,https://r2-demos.hltv.org/demos/109841/thunderpick-world-championship-2024-finals-heroic-vs-the-mongolz-bo5-sTU-jFJxryBEQ3ms0jW_II.rar,E7694_M92212_thunderpick-world-championship-2024-finals-heroic-vs-the-mongolz-bo5-sTU-jFJxryBEQ3ms0jW_II.rar,c:\Projects\cs2-match-and-player-scraper\ExtractAllData\downloads\extracted_data\Thunderpick World Championship 2024 Finals,,,
106,c:\Projects\cs2-match-and-player-scraper\ExtractAllData,https://www.hltv.org/matches/2376871/heroic-vs-the-mongolz-thunderpick-world-championship-2024-finals,https://www.hltv.org/results?event=7694,Thunderpick World Championship 2024 Finals,thunderpick-world-championship-2024-finals,92212,Bo5,2024-11-03 13:30:00,HEROIC,1,The MongolZ,3,The MongolZ,7694,mirage,m4,https://www.hltv.org/download/demo/92212,https://r2-demos.hltv.org/demos/109841/thunderpick-world-championship-2024-finals-heroic-vs-the-mongolz-bo5-sTU-jFJxryBEQ3ms0jW_II.rar,E7694_M92212_thunderpick-world-championship-2024-finals-heroic-vs-the-mongolz-bo5-sTU-jFJxryBEQ3ms0jW_II.rar,c:\Projects\cs2-match-and-player-scraper\ExtractAllData\downloads\extracted_data\Thunderpick World Championship 2024 Finals,,,
107,c:\Projects\cs2-match-and-player-scraper\ExtractAllData,https://www.hltv.org/matches/2376869/3dmax-vs-the-mongolz-thunderpick-world-championship-2024-finals,https://www.hltv.org/results?event=7694,Thunderpick World Championship 2024 Finals,thunderpick-world-championship-2024-finals,92187,Bo3,2024-11-02 16:55:00,3DMAX,0,The MongolZ,2,The MongolZ,7694,anubis,m1,https://www.hltv.org/download/demo/92187,https://r2-demos.hltv.org/demos/109815/thunderpick-world-championship-2024-finals-3dmax-vs-the-mongolz-bo3-upBvDFSuw-OdQOd1QWNdCe.rar,E7694_M92187_thunderpick-world-championship-2024-finals-3dmax-vs-the-mongolz-bo3-upBvDFSuw-OdQOd1QWNdCe.rar,c:\Projects\cs2-match-and-player-scraper\ExtractAllData\downloads\extracted_data\Thunderpick World Championship 2024 Finals,,,
108,c:\Projects\cs2-match-and-player-scraper\ExtractAllData,https://www.hltv.org/matches/2376869/3dmax-vs-the-mongolz-thunderpick-world-championship-2024-finals,https://www.hltv.org/results?event=7694,Thunderpick World Championship 2024 Finals,thunderpick-world-championship-2024-finals,92187,Bo3,2024-11-02 16:55:00,3DMAX,0,The MongolZ,2,The MongolZ,7694,ancient,m2,https://www.hltv.org/download/demo/92187,https://r2-demos.hltv.org/demos/109815/thunderpick-world-championship-2024-finals-3dmax-vs-the-mongolz-bo3-upBvDFSuw-OdQOd1QWNdCe.rar,E7694_M92187_thunderpick-world-championship-2024-finals-3dmax-vs-the-mongolz-bo3-upBvDFSuw-OdQOd1QWNdCe.rar,c:\Projects\cs2-match-and-player-scraper\ExtractAllData\downloads\extracted_data\Thunderpick World Championship 2024 Finals,,,
